Ana Kategori,Alt Kategori,Kategori,webUrl
KADIN,Giyim,Tüm Kadın Giyim Ürünleri,/kadin-giyim-x-g1-c82
KADIN,Ayakkabı,Tüm Kadın Ayakkabıları,/kadin-ayakkabi-x-g1-c114
KADIN,Aksesuar,Tüm Aksesuar Ürünleri,/kadin-aksesuar-x-g1-c27
KADIN,Çanta,Tüm Çanta Ürünleri,/kadin-canta-x-g1-c117
KADIN,Kozmetik & Kişisel Bakım,Tüm Kozmetik Ürünleri,/kozmetik-x-c89
KADIN,Plaj Giyim,Tüm Plaj Ürünleri,/kadin-plaj-giyim-x-g1-c68
KADIN,Ev & İç Giyim,Tüm İç Giyim Ürünleri,/kadin-ic-giyim-x-g1-c64
KADIN,Spor,Tüm Spor Ürünleri,/kadin-spor-giyim-x-g1-c101447
KADIN,Outdoor,Tüm Outdoor Ürünleri,/spor-outdoor-x-c104593
KADIN,Lüks & Designer,Tüm Lüks Ürünleri,/sr/kadin-x-g1?q=luks
ERKEK,Giyim,Tüm Erkek Giyim Ürünleri,/erkek-giyim-x-g2-c82
ERKEK,Ayakkabı,Tüm Erkek Ayakkabıları,/erkek-ayakkabi-x-g2-c114
ERKEK,Saat & Aksesuar,Tüm Aksesuar Ürünleri,/erkek-aksesuar-x-g2-c27
ERKEK,Çanta,Tüm Çanta Ürünleri,/erkek-canta-x-g2-c117
ERKEK,Kişisel Bakım,Tüm Kozmetik Ürünleri,/erkek-kozmetik-x-g2-c89
ERKEK,Elektronik,Tüm Elektronik Ürünler,/elektronik-x-c104024
ERKEK,Plaj Giyim,Tüm Plaj Ürünleri,/erkek-plaj-giyim-x-g2-c68
ERKEK,İç Giyim,Tüm İç Giyim Ürünleri,/erkek-ic-giyim-x-g2-c64
ERKEK,Outdoor,Tüm Outdoor Ürünleri,/spor-outdoor-x-c104593
ERKEK,Lüks & Designer,Tüm Lüks Ürünleri,/sr/erkek-x-g2?q=luks
ANNE & ÇOCUK,Bebek & Çocuk Giyim,Tüm Ürünler,/cocuk-giyim-x-g3-c82
ANNE & ÇOCUK,Ayakkabı,Tüm Çocuk Ayakkabı Ürünleri,/cocuk-ayakkabi-x-g3-c114
ANNE & ÇOCUK,Banyo Bakım,Tüm Bebek Bakım Ürünleri,/anne-bebek-bakim-x-c101414
ANNE & ÇOCUK,Beslenme Emzirme,Tüm Beslenme Emzirme Ürünleri,/beslenme-emzirme-x-c103752
ANNE & ÇOCUK,Taşıma & Güvenlik,Tüm Taşıma & Güvenlik Ürünleri,/cocuk-gerecleri-x-c1355
ANNE & ÇOCUK,Oyuncak,Tüm Oyuncak Ürünleri,/oyuncak-x-c90
SPOR & OUTDOOR,Spor Üst Giyim,Tüm Spor Üst Giyim Ürünler,/spor-giyim-x-c101447
SPOR & OUTDOOR,Spor Alt Giyim,Tüm Spor Alt Giyim Ürünleri,/spor-giyim-x-c101447
SPOR & OUTDOOR,Spor Ayakkabı,Tüm Spor Ayakkabıları,/spor-ayakkabi-x-c109
SPOR & OUTDOOR,Spor Ekipmanları,Tüm Spor Ekipmanları,/spor-aletleri-x-c104192
SPOR & OUTDOOR,Outdoor,Tüm Outdoor Ürünleri,/spor-outdoor-x-c104593
SPOR & OUTDOOR,Top,Tüm Sporcu Besinler,/sporcu-besini-supplementler-x-c105131
SPOR & OUTDOOR,Sporcu Besinleri & Takviyeleri,Tüm Sporcu Besinler,/sporcu-besini-supplementler-x-c105131
AYAKKABI & ÇANTA,Kadın Ayakkabı,Tüm Kadın Ayakkabıları,/kadin-ayakkabi-x-g1-c114
AYAKKABI & ÇANTA,Erkek Ayakkabı,Tüm Erkek Ayakkabıları,/erkek-ayakkabi-x-g2-c114
AYAKKABI & ÇANTA,Çocuk Ayakkabı,Tüm Çocuk Ayakkabı Ürünleri,/cocuk-ayakkabi-x-g3-c114
AYAKKABI & ÇANTA,Kadın Çanta,Tüm Çanta Ürünleri,/kadin-canta-x-g1-c117
AYAKKABI & ÇANTA,Erkek Çanta,Tüm Çanta Ürünleri,/erkek-canta-x-g2-c117
AYAKKABI & ÇANTA,Çocuk Çanta,Tüm Çanta Ürünleri,/cocuk-canta-x-g3-c117
SAAT & AKSESUAR,Kadın,Tüm Kadın Aksesuarları,/kadin-aksesuar-x-g1-c27
SAAT & AKSESUAR,Erkek,Tüm Erkek Aksesuarları,/erkek-aksesuar-x-g2-c27
SAAT & AKSESUAR,Çocuk,Tüm Çocuk Aksesuarları,/cocuk-aksesuar-x-g3-c27
SAAT & AKSESUAR,Altın,Tüm Altın Çeşitleri,/altin-x-c103532
SAAT & AKSESUAR,Bijuteri,Tüm Bijuteri Ürünleri,/taki-mucevher-x-c28
SAAT & AKSESUAR,Elektronik Aksesuarlar,Tüm Elektronik Aksesuarlar,/elektronik-x-c104024
KOZMETİK & KİŞİSEL BAKIM,Parfüm & Deodorant,Tüm Parfüm & Deodorant Ürünleri,/parfum-ve-deodorant-x-c103717
KOZMETİK & KİŞİSEL BAKIM,Makyaj,Tüm Makyaj Ürünleri,/makyaj-x-c100
KOZMETİK & KİŞİSEL BAKIM,Kozmetik & Kişisel Bakım,Tüm Kozmetik ve Bakım Ürünleri,/kozmetik-x-c89
KOZMETİK & KİŞİSEL BAKIM,Saç Bakım & Şekillendiriciler,Tüm Saç Bakım Ürünleri,/sac-bakimi-x-c87
KOZMETİK & KİŞİSEL BAKIM,Sporcu Besinleri & Takviyeler,Tüm Sporcu Besinleri & Takviyeler,/sporcu-besini-supplementler-x-c105131
KOZMETİK & KİŞİSEL BAKIM,Anne & Çocuk,Tüm Anne & Çocuk Ürünleri,/anne-bebek-bakim-x-c101414
EV & MOBİLYA,Ev Tekstili,Tüm Ev Tekstili Ürünleri,/ev-tekstili-x-c94
EV & MOBİLYA,Sofra & Mutfak,Tüm Sofra & Mutfak Ürünleri,/sofra-mutfak-x-c1354
EV & MOBİLYA,Ev Dekorasyon,Tüm Ev Dekorasyon Ürünleri,/ev-dekorasyon-x-c95
EV & MOBİLYA,Ev Gereçleri,Tüm Pratik Ev Gereçleri,/ev-gerecleri-x-c104216
EV & MOBİLYA,Elektrikli Ev Aletleri,Tüm Elektrikli Ev Aletleri,/elektrikli-ev-aletleri-x-c1104
EV & MOBİLYA,Mobilya,Tüm Mobilya Ürünleri,/mobilya-x-c1119
EV & MOBİLYA,Kitap & Hobi,Tüm Hobi Ürünleri,/hobi-x-c97
EV & MOBİLYA,Otomobil & Motosiklet,Tüm Otomobil Ürünleri,/otomobil-ve-motosiklet-x-c105777
EV & MOBİLYA,Yapı Market ,Tüm Yapı Market Ürünleri,/yapi-market-x-c103720
EV & MOBİLYA,Petshop,Tüm Petshop Ürünleri,/pet-shop-x-c1142
SÜPERMARKET,Gıda Ürünleri,Tüm Gıda Ürünleri,/kuru-gida-x-c103970
SÜPERMARKET,Gıda & İçecek Ürünleri,Tüm Gıda & İçecek Ürünleri,/gida-ve-icecek-x-c103946
SÜPERMARKET,Kişisel Bakım,Tüm Kişisel Bakım Ürünleri,/kozmetik-x-c89
SÜPERMARKET,Bebek Bakım,Tüm Bebek Bakım Ürünleri,/anne-bebek-bakim-x-c101414
SÜPERMARKET,Ev Bakım & Temizlik,Tüm Temizlik Ürünleri,/ev-bakim-ve-temizlik-x-c105478
SÜPERMARKET,Organik & Doğal,Tüm Organik & Doğal Ürünler,/organik-urunler-x-c1127
SÜPERMARKET,Kağıt Ürünleri,Tüm Kağıt Ürünleri,/kagit-urunleri-x-c104011
SÜPERMARKET,Petshop,Tüm Petshop Ürünleri,/pet-shop-x-c1142
ELEKTRONİK,Cep Telefonu & Aksesuar,Tüm Telefon Ürünleri,/telefon-x-c104025
ELEKTRONİK,Bilgisayar & Tablet,Tüm Bilgisayar & Tablet Ürünleri,/bilgisayar-tablet-x-c103660
ELEKTRONİK,Foto & Kamera,Tüm Foto & Kamera Ürünleri,/foto-ve-kamera-x-c104037
ELEKTRONİK,Elektrikli Ev Aletleri,Tüm Elektrikli Ev Aletleri,/elektrikli-ev-aletleri-x-c1104
ELEKTRONİK,TV & Görüntü & Ses Sistemleri,Tüm TV Ürünleri,/tv-goruntu-ses-sistemleri-x-c104035
ELEKTRONİK,Oyun & Oyun Konsolları,Tüm Oyun Ürünleri,/oyun-ve-oyun-konsollari-x-c104044
ELEKTRONİK,Beyaz Eşya,Tüm Beyaz Eşya Ürünleri,/beyaz-esya-x-c103613
ELEKTRONİK,Kişisel Bakım Aletleri,Tüm Kişisel Bakım Aletleri,/kisisel-bakim-aletleri-x-c103109
ELEKTRONİK,Klima & Isıtıcılar,Tüm Klima & Isıtıcılar,/klima-isitici-x-c104078
ELEKTRONİK,Giyilebilir Teknoloji,Tüm Giyilebilir Teknoloji Ürünleri,/giyilebilir-teknoloji-x-c144430
MOBİLYA,Salon & Oturma Odası,Tüm Salon & Oturma Odası Ürünleri,/salon-oturma-odasi-mobilya-x-c104489
MOBİLYA,Çalışma Odası,Tüm Çalışma Odası Ürünleri,/calisma-odasi-x-c104201
MOBİLYA,Yatak Odası,Tüm Yatak Odası Ürünleri,/yatak-odasi-mobilya-x-c104448
MOBİLYA,Dolaplar,Tüm Dolap Ürünleri,/dolap-x-c105328
MOBİLYA,Antre & Hol,Tüm Antre & Hol Ürünleri,/antre-hol-x-c104198
MOBİLYA,Ofis Mobilyaları,Tüm Ofis Mobilyası Ürünleri,/ofis-mobilyalari-x-c104465
OTO & YAPI & BAHÇE,Oto Aksesuar,Tüm Oto Aksesuar Ürünleri,/oto-aksesuarlari-x-c103483
OTO & YAPI & BAHÇE,Oto Ses & Görüntü Sistemleri,Tüm Oto Ses&Görüntü Ürünleri,/oto-ses-goruntu-sistemleri-x-c103904
OTO & YAPI & BAHÇE,Motosiklet,Tüm Motosiklet Ürünleri,/motosiklet-x-c109552
OTO & YAPI & BAHÇE,Oto Yedek Parça,Tüm Yedek Parça Ürünleri,/otomobil-yedek-parca-x-c109002
OTO & YAPI & BAHÇE,Lastik ve Lastik Aksesuar,Tüm Lastik Ürünleri,/lastik-ve-lastik-aksesuar-x-c103897
OTO & YAPI & BAHÇE,Banyo Yapı Malzemeleri,Tüm Banyo Yapı Malzemeleri,/banyo-yapi-malzemeleri-x-c105718
OTO & YAPI & BAHÇE,Elektrikli El Aletleri,Tüm Elektrikli El Aletleri,/elektrikli-el-aletleri-x-c103723
OTO & YAPI & BAHÇE,Isıtma ve Soğutma,Tüm Isıtma ve Soğutma,/isitma-ve-sogutma-x-c144299
OTO & YAPI & BAHÇE,Hırdavat,Tüm Hırdavat Ürünleri,/hirdavat-urunleri-x-c103725
OTO & YAPI & BAHÇE,Elektrik Tesisat,Tüm Elektrik Tesisat Ürünleri,/elektrik-tesisat-malzemeleri-x-c110895
OTO & YAPI & BAHÇE,İnşaat Malzemeleri,Tüm İnşaat Malzemeleri,/insaat-malzemeleri-x-c105714
OTO & YAPI & BAHÇE,Bahçe,Tüm Bahçe Ürünleri,/bahce-x-c104050
OTO & YAPI & BAHÇE,Enerji Sistemleri,Tüm Enerji Sistemleri Ürünleri,/enerji-sistemleri-x-c143985
KİTAP & KIRTASİYE & HOBİ,Eğitim Kitapları,Tüm Eğitim Kitabı Ürünleri,/egitim-kitabi-x-c104356
KİTAP & KIRTASİYE & HOBİ,Çocuk-Ebeveyn Kitapları,Tüm Çocuk-Ebeveyn Kitapları,/aile-cocuk-bakimi-kitabi-x-c104404
KİTAP & KIRTASİYE & HOBİ,Roman - Edebiyat Kitapları,Tüm Roman - Edebiyat Kitapları Ürünleri,/roman-hikaye-ve-edebiyat-x-c142659
KİTAP & KIRTASİYE & HOBİ,Yabancı Dil Kitapları,Tüm Yabancı Dil Kitapları,/yabanci-dil-kitaplar-x-c104320
KİTAP & KIRTASİYE & HOBİ,Kişisel Gelişim & Psikoloji,Tüm Kişisel Gelişim & Psikoloji Ürünleri,/kisisel-gelisim-psikoloji-x-c104342
KİTAP & KIRTASİYE & HOBİ,Kırtasiye Ürünleri,Tüm Kırtasiye Ürünleri,/kirtasiye-kagit-urunleri-x-c104136
KİTAP & KIRTASİYE & HOBİ,Sanatsal Malzemeler,Tüm Sanatsal Malzemeler Ürünleri,/sanatsal-malzemeler-x-c103785
KİTAP & KIRTASİYE & HOBİ,Ofis Teknolojileri,Tüm Ofis Teknolojileri Ürünleri,/ofis-teknolojisi-x-c104424
KİTAP & KIRTASİYE & HOBİ,Dosyalama & Arşivleme,Tüm Dosyalama & Arşivleme Ürünleri,/dosyalama-arsivleme-x-c104463
KİTAP & KIRTASİYE & HOBİ,Parti Malzemeleri,Tüm Parti Malzemeleri Ürünleri,/parti-malzemeleri-x-c1136
KİTAP & KIRTASİYE & HOBİ,Hediye,Tüm Hediye Ürünleri,/hediyelik-urunler-x-c110312
KİTAP & KIRTASİYE & HOBİ,Kumandalı Araçlar,Tüm Kumandalı Araçlar,/kumandali-araclar-x-c104569
KİTAP & KIRTASİYE & HOBİ,Müzik Aletleri,Tüm Müzik Aletleri Ürünleri,/muzik-aletleri-x-c106566
KİTAP & KIRTASİYE & HOBİ,Oyun,Tüm Oyun Ürünleri,/oyun-takimi-x-c108703